,Aotizhongxin_CO,Aotizhongxin_O3,Changping_CO,Changping_O3,Dingling_CO,Dingling_O3,Dongsi_CO,Dongsi_O3,Guanyuan_CO,Guanyuan_O3
CO,,-0.23740787961711848,,-0.9057958688624971,,-0.7847173229286187,,-0.8296445662708446,,-0.8082632419175251
O3,-0.23740787961711848,,-0.9057958688624971,,-0.7847173229286187,,-0.8296445662708446,,-0.8082632419175251,
