,Aotizhongxin_PM2.5,Aotizhongxin_PM10,Changping_PM2.5,Changping_PM10,Dingling_PM2.5,Dingling_PM10,Dongsi_PM2.5,Dongsi_PM10,Guanyuan_PM2.5,Guanyuan_PM10
PM2.5,,0.8850910207699222,,0.8864782929914059,,0.9451816139912187,,0.9287909064644098,,0.9057380755592964
PM10,0.8850910207699222,,0.8864782929914059,,0.9451816139912187,,0.9287909064644098,,0.9057380755592964,
