,Aotizhongxin_SO2,Aotizhongxin_NO2,Changping_SO2,Changping_NO2,Dingling_SO2,Dingling_NO2,Dongsi_SO2,Dongsi_NO2,Guanyuan_SO2,Guanyuan_NO2
SO2,,0.38330781787344137,,0.7501709438003755,,0.8167395538604196,,0.47459571538036593,,0.6871150880486677
NO2,0.38330781787344137,,0.7501709438003755,,0.8167395538604196,,0.47459571538036593,,0.6871150880486677,
